{"cameraMode":{"drawMode":0,"name":"Shaded","section":"Shading Mode"},"sceneLighting":false,"audioPlay":false,"sceneViewState":{"showFog":false,"showMaterialUpdate":false,"showSkybox":false,"showFlares":false,"showImageEffects":false,"showParticleSystems":false},"in2DMode":false,"pivot":{"x":-0.13003623485565186,"y":0.781446099281311,"z":0.13489270210266114},"rotation":{"x":0.0785580649971962,"y":-0.9209692478179932,"z":0.2852010130882263,"w":0.25368964672088625},"size":1.441178560256958,"orthographic":false}