{"cameraMode":{"drawMode":0,"name":"Shaded","section":"Shading Mode"},"sceneLighting":true,"audioPlay":false,"sceneViewState":{"showFog":false,"showMaterialUpdate":false,"showSkybox":false,"showFlares":false,"showImageEffects":false,"showParticleSystems":false},"in2DMode":false,"pivot":{"x":-6.462705135345459,"y":-5.696002006530762,"z":-6.174289226531982},"rotation":{"x":0.0015267640119418502,"y":-0.8840848207473755,"z":0.4673757553100586,"w":0.002916194498538971},"size":12.07486343383789,"orthographic":false}