{"cameraMode":{"drawMode":0,"name":"Shaded","section":"Shading Mode"},"sceneLighting":false,"audioPlay":false,"sceneViewState":{"showFog":false,"showMaterialUpdate":false,"showSkybox":false,"showFlares":false,"showImageEffects":false,"showParticleSystems":false},"in2DMode":false,"pivot":{"x":-4.04861307144165,"y":-0.42782819271087649,"z":-0.5798244476318359},"rotation":{"x":0.09878619760274887,"y":-0.7997304201126099,"z":0.13711898028850556,"w":0.5761316418647766},"size":3.2089478969573976,"orthographic":false}